ID,Figure,Sub-figure,Value_x,Value_y,Legend,X-label,Y-label,Title
AZ30P22_MPPT001,1,a,"0.000
0.167
0.333
0.500
0.683
0.850
1.017
1.183
1.367
1.533
1.700
1.867
2.033
2.217
2.383
2.550
2.717
2.900
3.067
3.233
3.400
3.567
3.750
3.917
4.083
4.250
4.433
4.600
4.767
4.933
5.117
5.283
5.450
5.617
5.800
5.967
6.133
6.300
6.483
6.650
6.817
6.983
7.150
7.333
7.500
7.667
7.833
8.017
8.183
8.350
8.517
8.683
8.867
9.033
9.200
9.367
9.550
9.717
9.883
10.050
10.233
10.400
10.567
10.733
10.917
11.083
11.250
11.417
11.600
11.767
11.933
12.100
12.267
12.450
12.617
12.783
12.950
13.133
13.300
13.467
13.633
13.817
13.983
14.150
14.317
14.500
14.667
14.833
15.000
15.167
15.350
15.517
15.683
15.850
16.017
16.200
16.367
16.533
16.700
16.883
17.050
17.217
17.383
17.550
17.733
17.900
18.067
18.233
18.400
18.583
18.750
18.917
19.083
19.250
19.433
19.600
19.767
19.933
20.117
20.283
20.450
20.617
20.800
20.967
21.133
21.300
21.467
21.650
21.817
21.983
22.150
22.333
22.500
22.667
22.833
23.017
23.183
23.350
23.517
23.683
23.867
24.283
24.467
24.633
24.800
24.967
25.133
25.317
25.483
25.650
25.817
26.000
26.167
26.333
26.500
26.667
26.850
27.017
27.183
27.350
27.533
27.700
27.867
28.033
28.200
28.383
28.550
28.717
28.883
29.050
29.233
29.400
29.567
29.733
29.917
30.083
30.250
30.417
30.583
30.767
30.933
31.100
31.267
31.450
31.617
31.783
31.950
32.117
32.300
32.467
32.633
32.800
32.983
33.150
33.317
33.483
33.667
33.833
34.000
34.167
34.333
34.517
34.683
34.850
35.017
35.200
35.367
35.533
35.700
35.883
36.050
36.217
36.383
36.550
36.717
36.900
37.067
37.233
37.400
37.567
37.750
37.917
38.083
38.250
38.417
38.600
38.767
38.933
39.100
39.283
39.450
39.617
39.783
39.967
40.133
40.300
40.467
40.633
40.817
40.983
41.150
41.317
41.500
41.667
41.833
42.000
42.183
42.350
42.517
42.683
42.850
43.033
43.200
43.367
43.533
43.717
43.883
44.050
44.217
44.383
44.567
44.733
44.900
45.067
45.250
45.417
45.583
45.750
45.933
46.100
46.267
46.433
46.617
46.783
46.950
47.117
47.283
47.467
47.633
47.800
47.983
48.400
48.567
48.750
48.917
49.083
49.250
49.433
49.600
49.767
49.933
50.117
50.283
50.450
50.617
50.800
50.967
51.133
51.300
51.467
51.650
51.817
51.983
52.150
52.333
52.500
52.667
52.833
53.000
53.183
53.350
53.517
53.683
53.867
54.033
54.200
54.367
54.550
54.717
54.883
55.050
55.233
55.400
55.567
55.733
55.917
56.083
56.250
56.417
56.583
56.767
56.933
57.100
57.267
57.450
57.617
57.783
57.950
58.117
58.300
58.467
58.633
58.817
58.983
59.150
59.317
59.500
59.667
59.833
60.000
60.167
60.350
60.517
60.683
60.850
61.033
61.200
61.367
61.533
61.717
61.883
62.050
62.217
62.400
62.567
62.733
62.900
63.067
63.250
63.417
63.583
63.750
63.933
64.100
64.267
64.433
64.617
64.783
64.950
65.117
65.283
65.467
65.633
65.800
65.967
66.150
66.317
66.483
66.650
66.833
67.000
67.167
67.333
67.517
67.683
67.850
68.017
68.200
68.367
68.533
68.700
68.883
69.050
69.217
69.383
69.567
69.733
69.900
70.067
70.233
70.417
70.583
70.750
70.933
71.100
71.267
71.433
71.600
71.783
71.950
72.117
72.550
72.717
72.883
73.067
73.233
73.400
73.567
73.750
73.917
74.083
74.250
74.433
74.600
74.767
74.933
75.117
75.283
75.450
75.617
75.800
75.967
76.133
76.300
76.467
76.633
76.817
76.983
77.150
77.317
77.500
77.667
77.833
78.000
78.167
78.350
78.517
78.683
78.850
79.033
79.200
79.367
79.533
79.717
79.883
80.050
80.217
80.383
80.567
80.733
80.900
81.067
81.250
81.417
81.583
81.750
81.933
82.100
82.267
82.433
82.617
82.783
82.950
83.117
83.300
83.467
83.633
83.800
83.983
84.150
84.317
84.483
84.650
84.833
85.000
85.167
85.333
85.500
85.683
85.850
86.017
86.183
86.367
86.533
86.700
86.867
87.050
87.217
87.383
87.567
87.733
87.900
88.067
88.233
88.400
88.583
88.750
88.917
89.083
89.267
89.433
89.600
89.767
89.950
90.117
90.283
90.450
90.633
90.800
90.967
91.133
91.317
91.483
91.650
91.817
92.000
92.167
92.333
92.500
92.667
92.850
93.017
93.183
93.350
93.517
93.700
93.867
94.033
94.200
94.383
94.550
94.717
94.883
95.067
95.233
95.400
95.567
95.750
95.917
96.083
96.250
96.683
96.850
97.033
97.200
97.367
97.533
97.700
97.883
98.050
98.217
98.383
98.567
98.733
98.900
99.067
99.250
99.417
99.583
99.750
99.917
100.100
100.267
100.433
100.600
100.783
100.950
101.117
101.283
101.450
101.633
101.800
101.967
102.133
102.317
102.483
102.650
102.817
102.983
103.167
103.333
103.500
103.667
103.850
104.017
104.183
104.350
104.533
104.700
104.867
105.033
105.217
105.383
105.550
105.717
105.883
106.067
106.233
106.400
106.583
106.750
106.917
107.083
107.250
107.433
107.600
107.767
107.933
108.100
108.283
108.450
108.617
108.783
108.967
109.133
109.300
109.467
109.650
109.817
109.983
110.150
110.333
110.500
110.667
110.833
111.017
111.183
111.350
111.517
111.683
111.867
112.033
112.200
112.367
112.550
112.717
112.883
113.050
113.233
113.400
113.567
113.733
113.917
114.083
114.250
114.417
114.600
114.767
114.933
115.100
115.267
115.450
115.617
115.783
115.950
116.133
116.300
116.467
116.633
116.817
116.983
117.150
117.317
117.500
117.667
117.833
118.000
118.183
118.350
118.517
118.683
118.867
119.033
119.200
119.367
119.550
119.717
119.883
120.050
120.233
120.400
120.833
121.000
121.167
121.333
121.500
121.683
121.850
122.017
122.183
122.367
122.533
122.700
122.867
123.033
123.217
123.383
123.550
123.733
123.900
124.067
124.233
124.417
124.583
124.750
124.917
125.083
125.267
125.433
125.600
125.767
125.950
126.117
126.283
126.450
126.617
126.800
126.967
127.133
127.300
127.483
127.650
127.817
127.983
128.167
128.333
128.500
128.667
128.850
129.017
129.183
129.350
129.517
129.700
129.867
130.033
130.200
130.383
130.550
130.717
130.883
131.050
131.233
131.400
131.567
131.733
131.917
132.083
132.250
132.417
132.600
132.767
132.933
133.100
133.283
133.450
133.617
133.783
133.950
134.133
134.300
134.467
134.633
134.817
134.983
135.150
135.317
135.500
135.667
135.833
136.000
136.167
136.350
136.517
136.683
136.850
137.033
137.200
137.367
137.533
137.717
137.883
138.050
138.217
138.400
138.567
138.733
138.900
139.083
139.250
139.417
139.583
139.767
139.933
140.100
140.267
140.450
140.617
140.783
140.950
141.133
141.300
141.467
141.633
141.800
141.983
142.150
142.317
142.483
142.667
142.833
143.000
143.167
143.350
143.517
143.683
143.850
144.033
144.200
144.367
144.533
144.967
145.133
145.317
145.483
145.650
145.817
146.000
146.167
146.333
146.500
146.667
146.850
147.017
147.183
147.350
147.517
147.700
147.867
148.033
148.217
148.383
148.550
148.717
148.900
149.067
149.233
149.400
149.567
149.750
149.917
150.083
150.250
150.417
150.600
150.767
150.933
151.100
151.283
151.450
151.617
151.783
151.967
152.133
152.300
152.467
152.650
152.817
152.983
153.150
153.317
153.500
153.667
153.833
154.000
154.183
154.350
154.517
154.683
154.850
155.033
155.200
155.367
155.533
155.717
155.883
156.050
156.217
156.400
156.567
156.733
156.900
157.083
157.250
157.417
157.583
157.750
157.933
158.100
158.267
158.433
158.600
158.783
158.950
159.117
159.283
159.467
159.633
159.800
159.967
160.150
160.317
160.483
160.650
160.833
161.000
161.167
161.333
161.500
161.683
161.850
162.017
162.183
162.367
162.533
162.700
162.867
163.050
163.217
163.383
163.550
163.733
163.900
164.067
164.233
164.417
164.583
164.750
164.917
165.100
165.267
165.433
165.600
165.767
165.950
166.117
166.283
166.450
166.633
166.800
166.967
167.133
167.317
167.483
167.650
167.817
168.000
168.167
168.333
168.500
168.667
169.100
169.283
169.450
169.617
169.783
169.950
170.133
170.300
170.467
170.633
170.817
170.983
171.150
171.317
171.500
171.667
171.833
172.000
172.167
172.350
172.517
172.683
172.850
173.033
173.200
173.367
173.533
173.717
173.883
174.050
174.233
174.400
174.567
174.733
174.917
175.083
175.250
175.417
175.583
175.767
175.933
176.100
176.267
176.450
176.617
176.783
176.950
177.133
177.300
177.467
177.633
177.800
177.983
178.150
178.317
178.483
178.650
178.833
179.000
179.167
179.333
179.517
179.683
179.850
180.017
180.183
180.367
180.533
180.700
180.867
181.050
181.217
181.383
181.550
181.733
181.900
182.067
182.233
182.417
182.583
182.750
182.917
183.083
183.267
183.433
183.600
183.767
183.950
184.117
184.283
184.450
184.633
184.800
184.967
185.133
185.317
185.483
185.650
185.817
185.983
186.167
186.333
186.500
186.667
186.850
187.017
187.183
187.350
187.533
187.700
187.867
188.033
188.217
188.383
188.550
188.717
188.883
189.067
189.233
189.400
189.567
189.750
189.917
190.083
190.250
190.433
190.600
190.767
190.933
191.117
191.283
191.450
191.617
191.783
191.967
192.133
192.300
192.483
192.650
192.817
193.250
193.417
193.583
193.750
193.933
194.100
194.267
194.433
194.617
194.783
194.950
195.117
195.300
195.467
195.633
195.800
195.983
196.150
196.317
196.483
196.667
196.833
197.000
197.167
197.333
197.517
197.683
197.850
198.017
198.183
198.367
198.533
198.700
198.867
199.050
199.217
199.383
199.550
199.733
199.900
200.067
200.233
200.417
200.583
200.750
200.917
201.083
201.267
201.433
201.600
201.767
201.950
202.117
202.283
202.450
202.633
202.800
202.967
203.133
203.317
203.483
203.650
203.817
203.983
204.167
204.333
204.500
204.667
204.850
205.017
205.183
205.350
205.533
205.700
205.867
206.033
206.217
206.383
206.550
206.717
206.883
207.067
207.233
207.400
207.583
207.750
207.917
208.083
208.250
208.433
208.600
208.767
208.933
209.117
209.283
209.450
209.617
209.800
209.967
210.133
210.300
210.467
210.650
210.817
210.983
211.150
211.333
211.500
211.667
211.850
212.017
212.183
212.350
212.517
212.700
212.867
213.033
213.200
213.383
213.550
213.717
213.883
214.050
214.233
214.400
214.567
214.733
214.917
215.083
215.250
215.417
215.583
215.767
215.933
216.100
216.267
216.450
216.617
216.783
216.950
217.367
217.550
217.717
217.883
218.050
218.233
218.400
218.567
218.733
218.900
219.083
219.250
219.417
219.583
219.750
219.933
220.100
220.267
220.433
220.617
220.783
220.950
221.117
221.283
221.467
221.633
221.800
221.967
222.150
222.317
222.483
222.650
222.833
223.000
223.167
223.333
223.500
223.683
223.850
224.017
224.183
224.367
224.533
224.700
224.867
225.050
225.217
225.383
225.550
225.733
225.900
226.067
226.233
226.400
226.583
226.750
226.917
227.083
227.267
227.433
227.600
227.767
227.950
228.117
228.283
228.450
228.633
228.800
228.967
229.133
229.300
229.483
229.650
229.817
229.983
230.150
230.333
230.500
230.667
230.833
231.000
231.183
231.350
231.517
231.700
231.867
232.033
232.200
232.367
232.550
232.717
232.883
233.050
233.233
233.400
233.567
233.733
233.917
234.083
234.250
234.417
234.600
234.767
234.933
235.100
235.267
235.450
235.617
235.783
235.950
236.133
236.300
236.467
236.633
236.817
236.983
237.150
237.317
237.500
237.667
237.833
238.000
238.167
238.350
238.517
238.683
238.850
239.033
239.200
239.367
239.533
239.700
239.883
240.050
240.217
240.383
240.567
240.733
240.900
241.067
241.500
241.667
241.833
242.000
242.167
242.350
242.517
242.683
242.850
243.033
243.200
243.367
243.533
243.700
243.883
244.050
244.217
244.383
244.567
244.733
244.900
245.067
245.250
245.417
245.583
245.750
245.933
246.100
246.267
246.433
246.600
246.783
246.950
247.117
247.283
247.467
247.633
247.800
247.967
248.150
248.317
248.483
248.650
248.833
249.000
249.167
249.333
249.500
249.683
249.850
250.017
250.183
250.367
250.533
250.700
250.867
251.033
251.217
251.383
251.550
251.717
251.900
252.067
252.233
252.400
252.567
252.750
252.917
253.083
253.250
253.417
253.600
253.767
253.933
254.117
254.283
254.450
254.617
254.783
254.967
255.133
255.300
255.467
255.650
255.817
255.983
256.150
256.317
256.500
256.667
256.833
257.000
257.183
257.350
257.517
257.683
257.867
258.033
258.200
258.367
258.550
258.717
258.883
259.050
259.233
259.400
259.567
259.733
259.917
260.083
260.250
260.417
260.600
260.767
260.933
261.100
261.267
261.450
261.617
261.783
261.950
262.133
262.300
262.467
262.633
262.817
262.983
263.150
263.317
263.483
263.667
263.833
264.000
264.167
264.350
264.517
264.683
264.850
265.017
265.200
265.617
265.783
265.950
266.133
266.300
266.467
266.633
266.817
266.983
267.150
267.317
267.500
267.667
267.833
268.000
268.183
268.350
268.517
268.683
268.867
269.033
269.200
269.367
269.533
269.717
269.883
270.050
270.217
270.400
270.567
270.733
270.900
271.083
271.250
271.417
271.583
271.767
271.933
272.100
272.267
272.433
272.617
272.783
272.950
273.117
273.300
273.467
273.633
273.800
273.967
274.150
274.317
274.483
274.650
274.833
275.000
275.167
275.333
275.500
275.683
275.850
276.017
276.183
276.367
276.533
276.700
276.867
277.050
277.217
277.383
277.550
277.717
277.900
278.067
278.233
278.400
278.583
278.750
278.917
279.083
279.250
279.433
279.600
279.767
279.933
280.117
280.283
280.450
280.617
280.800
280.967
281.133
281.300
281.483
281.650
281.817
281.983
282.167
282.333
282.500
282.667
282.850
283.017
283.183
283.350
283.533
283.700
283.867
284.033
284.200
284.383
284.550
284.717
284.883
285.067
285.233
285.400
285.567
285.750
285.917
286.083
286.250
286.433
286.600
286.767
286.933
287.117
287.283
287.450
287.617
287.800
287.967
288.133
288.300
288.467
288.650
288.817
288.983
289.150
289.333
289.750
289.917
290.083
290.267
290.433
290.600
290.767
290.933
291.117
291.283
291.450
291.617
291.800
291.967
292.133
292.300
292.483
292.650
292.817
292.983
293.167
293.333
293.500
293.667
293.850
294.017
294.183
294.350
294.533
294.700
294.867
295.033
295.200
295.383
295.550
295.717
295.883
296.067
296.233
296.400
296.567
296.733
296.917
297.083
297.250
297.417
297.583
297.767
297.933
298.100
298.267
298.450
298.617
298.783
298.950
299.117
299.300
299.467
299.633
299.800
299.983
300.150
300.317
300.483
300.667
300.833
301.000
301.167
301.350
301.517
301.683
301.850
302.033
302.200
302.367
302.533
302.717
302.883
303.050
303.217
303.383
303.567
303.733
303.900
304.067
304.250
304.417
304.583
304.750
304.933
305.100
305.267
305.433
305.600
305.783
305.950
306.117
306.300
306.467
306.633
306.800
306.967
307.150
307.317
307.483
307.650
307.833
308.000
308.167
308.333
308.517
308.683
308.850
309.017
309.200
309.367
309.533
309.700
309.883
310.050
310.217
310.383
310.550
310.733
310.900
311.067
311.233
311.417
311.583
311.750
311.917
312.100
312.267
312.433
312.600
312.783
312.950
313.117
313.283
313.450
313.867
314.050
314.217
314.383
314.550
314.733
314.900
315.067
315.233
315.400
315.583
315.750
315.917
316.083
316.267
316.433
316.600
316.767
316.933
317.117
317.283
317.450
317.617
317.800
317.967
318.133
318.300
318.467
318.650
318.817
318.983
319.150
319.333
319.500
319.667
319.833
320.017
320.183
320.350
320.533
320.700
320.867
321.033
321.217
321.383
321.550
321.717
321.900
322.067
322.233
322.400
322.567
322.750
322.917
323.083
323.250
323.433
323.600
323.767
323.933
324.117
324.283
324.450
324.617
324.800
324.967
325.133
325.300
325.483
325.650
325.817
325.983
326.167
326.333
326.500
326.667
326.850
327.017
327.183
327.350
327.533
327.700
327.867
328.033
328.217
328.383
328.550
328.717
328.883
329.067
329.233
329.400
329.567
329.750
329.917
330.083
330.250
330.417
330.600
330.767
330.933
331.100
331.283
331.450
331.617
331.783
331.967
332.133
332.300
332.467
332.650
332.817
332.983
333.150
333.333
333.500
333.667
333.833
334.017
334.183
334.350
334.517
334.700
334.867
335.033
335.200
335.383
335.550
335.717
335.883
336.050
336.233
336.400
336.567
336.733
336.917
337.083
337.250
337.417
337.583
338.000
338.183
338.350
338.517
338.683
338.850
339.033
339.200
339.367
339.533
339.717
339.883
340.050
340.217
340.400
340.567
340.733
340.900
341.067
341.250
341.417
341.583
341.750
341.933
342.100
342.267
342.433
342.617
342.783
342.950
343.117
343.283
343.467
343.633
343.800
343.967
344.150
344.317
344.483
344.650
344.817
345.000
345.167
345.333
345.500
345.683
345.850
346.017
346.200
346.367
346.533
346.700
346.867
347.050
347.217
347.383
347.550
347.717
347.900
348.067
348.233
348.400
348.583
348.750
348.917
349.083
349.250
349.433
349.600
349.767
349.933
350.100
350.283
350.450
350.617
350.783
350.967
351.133
351.300
351.467
351.633
351.817
351.983
352.150
352.317
352.500
352.667
352.833
353.000
353.167
353.350
353.517
353.683
353.850
354.017
354.200
354.367
354.533
354.700
354.883
355.050
355.217
355.383
355.550
355.733
355.900
356.067
356.233
356.417
356.583
356.750
356.917
357.100
357.267
357.433
357.600
357.767
357.950
358.117
358.283
358.467
358.633
358.800
358.967
359.133
359.317
359.483
359.650
359.817
359.983
360.167
360.333
360.500
360.667
360.833
361.017
361.183
361.350
361.517
361.700
362.133
362.300
362.467
362.633
362.817
362.983
363.150
363.317
363.500
363.667
363.833
364.000
364.183
364.350
364.517
364.683
364.867
365.033
365.200
365.367
365.550
365.717
365.883
366.050
366.217
366.400
366.567
366.733
366.900
367.083
367.250
367.417
367.583
367.767
367.933
368.100
368.267
368.433
368.617
368.783
368.950
369.117
369.300
369.467
369.633
369.800
369.983
370.150
370.317
370.483
370.650
370.833
371.000
371.167
371.333
371.500
371.683
371.850
372.017
372.183
372.367
372.533
372.700
372.867
373.033
373.217
373.383
373.550
373.717
373.900
374.067
374.233
374.400
374.583
374.750
374.917
375.083
375.267
375.433
375.600
375.767
375.933
376.117
376.283
376.450
376.633
376.800
376.967
377.133
377.317
377.483
377.650
377.817
377.983
378.167
378.333
378.500
378.667
378.833
379.017
379.183
379.350
379.517
379.700
379.867
380.033
380.200
380.383
380.550
380.717
380.883
381.050
381.233
381.400
381.567
381.733
381.900
382.083
382.250
382.417
382.583
382.767
382.933
383.100
383.267
383.433
383.617
383.783
383.950
384.133
384.300
384.467
384.633
384.817
384.983
385.150
385.317
385.483
385.667
385.833
386.267
386.433
386.600
386.783
386.950
387.117
387.283
387.467
387.633
387.800
387.967
388.150
388.317
388.483
388.650
388.817
389.000
389.167
389.333
389.500
389.667
389.850
390.017
390.183
390.350
390.517
390.700
390.867
391.033
391.200
391.383
391.550
391.717
391.883
392.067
392.233
392.400
392.567
392.733
392.917
393.083
393.250
393.433
393.600
393.767
393.933
394.117
394.283
394.450
394.617
394.783
394.967
395.133
395.300
395.483
395.650
395.817
395.983
396.150
396.333
396.500
396.667
396.833
397.017
397.183
397.350
397.517
397.700
397.867
398.033
398.200
398.367
398.550
398.717
398.883
399.050
399.233
399.400
399.567
399.733
399.900
400.083
400.250
400.417
400.583
400.767
400.933
401.100
401.283
401.450
401.617
401.783
401.967
402.133
402.300
402.467
402.633
402.817
402.983
403.150
403.317
403.500
403.667
403.833
404.000
404.167
404.350
404.517
404.683
404.850
405.033
405.200
405.367
405.533
405.700
405.883
406.050
406.217
406.400
406.567
406.733
406.900
407.067
407.250
407.417
407.583
407.750
407.917
408.100
408.267
408.433
408.600
408.783
408.950
409.117
409.283
409.450
409.633
409.800
409.967
410.400
410.567
410.733
410.917
411.083
411.250
411.417
411.600
411.767
411.933
412.100
412.283
412.450
412.617
412.783
412.950
413.133
413.300
413.467
413.650
413.817
413.983
414.150
414.317
414.500
414.667
414.833
415.000
415.183
415.350
415.517
415.683
415.867
416.033
416.200
416.367
416.550
416.717
416.883
417.050
417.217
417.400
417.567
417.733
417.900
418.083
418.250
418.417
418.583
418.750
418.933
419.100
419.267
419.433
419.617
419.783
419.950
420.117
420.283
420.467
420.633
420.800
420.967
421.150
421.317
421.483
421.650
421.833
422.000
422.167
422.333
422.517
422.683
422.850
423.017
423.200
423.367
423.533
423.700
423.883
424.050
424.217
424.383
424.550
424.733
424.900
425.067
425.233
425.417
425.583
425.750
425.917
426.100
426.267
426.433
426.600
426.767
426.950
427.117
427.283
427.450
427.633
427.800
427.967
428.133
428.317
428.483
428.650
428.817
429.000
429.167
429.333
429.500
429.667
429.850
430.017
430.183
430.350
430.533
430.700
430.867
431.033
431.200
431.383
431.550
431.717
431.883
432.050
432.233
432.400
432.567
432.733
432.917
433.083
433.250
433.417
433.600
433.767
433.933
434.100
434.533
434.700
434.883
435.050
435.217
435.383
435.567
435.733
435.900
436.067
436.233
436.417
436.583
436.750
436.933
437.100
437.267
437.433
437.617
437.783
437.950
438.117
438.300
438.467
438.633
438.800
438.967
439.150
439.317
439.483
439.650
439.833
440.000
440.167
440.333
440.517
440.683
440.850
441.017
441.183
441.367
441.533
441.700
441.867
442.033
442.217
442.383
442.550
442.717
442.900
443.067
443.233
443.400
443.567
443.750
443.917
444.083
444.250
444.433
444.600
444.767
444.933
445.117
445.283
445.450
445.617
445.783
445.950
446.133
446.300
446.467
446.633
446.817
446.983
447.150
447.317
447.500
447.667
447.833
448.000
448.167
448.350
448.517
448.683
448.850
449.017
449.200
449.367
449.533
449.700
449.867
450.050
450.217
450.383
450.550
450.733
450.900
451.067
451.233
451.400
451.583
451.750
451.917
452.083
452.250
452.433
452.600
452.767
452.933
453.100
453.283
453.450
453.617
453.783
453.967
454.133
454.300
454.467
454.650
454.817
454.983
455.150
455.333
455.500
455.667
455.833
456.000
456.183
456.350
456.517
456.683
456.867
457.033
457.200
457.367
457.550
457.717
457.883
458.050
458.217
458.650
458.833
459.000
459.167
459.333
459.500
459.683
459.850
460.017
460.183
460.350
460.533
460.700
460.867
461.033
461.200
461.383
461.550
461.717
461.883
462.050
462.233
462.400
462.567
462.733
462.917
463.083
463.250
463.417
463.583
463.767
463.933
464.100
464.267
464.433
464.617
464.783
464.950
465.117
465.300
465.467
465.633
465.800
465.983
466.150
466.317
466.483
466.650
466.833
467.000
467.167
467.333
467.500
467.683
467.850
468.017
468.183
468.367
468.533
468.700
468.867
469.033
469.217
469.383
469.550
469.717
469.900
470.067
470.233
470.400
470.567
470.750
470.917
471.083
471.250
471.433
471.600
471.767
471.933
472.100
472.283
472.450
472.617
472.783
472.967
473.133
473.300
473.467
473.650
473.817
473.983
474.150
474.333
474.500
474.667
474.833
475.000
475.183
475.350
475.517
475.683
475.867
476.033
476.200
476.367
476.533
476.717
476.883
477.050
477.217
477.400
477.567
477.733
477.900
478.067
478.250
478.417
478.583
478.750
478.933
479.100
479.267
479.433
479.600
479.783
479.950
480.117
480.283
480.450
480.633
480.800
480.967
481.133
481.300
481.467
481.650
481.817
481.983
482.150
482.317
482.700
482.867
483.033
483.217
483.383
483.550
483.717
483.883
484.067
484.233
484.400
484.567
484.733
484.900
485.083
485.250
485.417
485.583
485.750
485.933
486.100
486.267
486.433
486.600
486.783
486.950
487.117
487.283
487.450
487.617
487.800
487.967
488.133
488.300
488.467
488.650
488.817
488.983
489.150
489.317
489.500
489.667
489.833
490.000
490.167
490.333
490.517","0.888745
0.907972
0.914294
0.915735
0.920819
0.925861
0.926835
0.930532
0.933093
0.932484
0.935678
0.935366
0.941064
0.942739
0.944693
0.950833
0.952640
0.951964
0.954395
0.956302
0.959395
0.957009
0.958823
0.960381
0.963837
0.963323
0.968143
0.968264
0.968241
0.968323
0.972463
0.969947
0.972452
0.976687
0.977292
0.976761
0.976939
0.976932
0.977204
0.979343
0.976383
0.977152
0.983697
0.983096
0.982206
0.984332
0.983725
0.986579
0.987590
0.988343
0.985761
0.984930
0.987848
0.986602
0.988748
0.990973
0.991395
0.994332
0.990073
0.988916
0.989342
0.988475
0.991901
0.991693
0.989217
0.989365
0.990165
0.988884
0.990298
0.990762
0.989587
0.990978
0.993860
0.993669
0.990181
0.990557
0.990990
0.991497
0.991655
0.993149
0.995318
0.990908
0.993283
0.992651
0.990026
0.993168
0.993254
0.995108
0.993627
0.995592
0.993557
0.995364
0.997033
0.996856
0.997375
0.994289
0.998200
0.995530
0.994177
0.994808
0.995653
0.992028
0.993053
0.994555
0.997248
0.992461
0.995088
0.993579
0.994079
0.992606
0.993982
0.993989
0.995525
1.000000
0.986225
0.986864
0.988181
0.987336
0.987384
0.990925
0.988921
0.988461
0.985407
0.986854
0.993156
0.994274
0.993441
0.991887
0.992081
0.995551
0.994192
0.999477
0.997559
0.996356
0.993958
0.993987
0.994573
0.993142
0.993483
0.993659
0.995771
0.991494
0.989899
0.988480
0.989565
0.992294
0.989759
0.990898
0.990647
0.991729
0.990106
0.992115
0.989889
0.994006
0.990352
0.990786
0.991652
0.989732
0.981176
0.980545
0.982268
0.982704
0.989909
0.990901
0.990425
0.992183
0.991948
0.990301
0.990127
0.991065
0.990565
0.991289
0.992021
0.993570
0.994696
0.991084
0.994565
0.993578
0.991819
0.994103
0.981485
0.980639
0.981026
0.993947
0.995097
0.985694
0.987451
0.986151
0.988271
0.986934
0.985934
0.986143
0.986294
0.989335
0.987012
0.984698
0.988897
0.987572
0.986630
0.988410
0.990674
0.988411
0.991619
0.988226
0.987576
0.988683
0.991788
0.989915
0.990677
0.989086
0.991040
0.989874
0.990987
0.989931
0.990654
0.989012
0.990095
0.991490
0.991422
0.990107
0.992912
0.996395
0.992363
0.993041
0.991717
0.992151
0.992568
0.997261
0.992539
0.992897
0.991326
0.993657
0.993057
0.992412
0.992285
0.991620
0.990388
0.993178
0.992591
0.995803
0.993439
0.994188
0.996046
0.997015
0.996874
0.996668
0.997361
0.994353
0.999663
0.990309
0.990045
0.987656
0.988317
0.985640
0.988758
0.989471
0.988556
0.986896
0.988345
0.987642
0.986710
0.988355
0.988091
0.987296
0.991988
0.999011
0.994903
0.996026
0.992331
0.989728
0.991876
0.991969
0.988251
0.988294
0.989101
0.991160
0.989954
0.988716
0.991252
0.990867
0.994498
0.987762
0.988980
0.987629
0.988748
0.988361
0.991479
0.986267
0.989647
0.987666
0.986277
0.989773
0.987648
0.988058
0.988795
0.989847
0.988264
0.985770
0.989280
0.990817
0.989311
0.985211
0.986970
0.985708
0.986145
0.989252
0.988559
0.988671
0.989108
0.989059
0.990524
0.986761
0.985045
0.985457
0.986849
0.989337
0.987646
0.989000
0.988731
0.986937
0.987204
0.986923
0.987658
0.987655
0.987531
0.988029
0.989787
0.986758
0.989967
0.988291
0.987868
0.986594
0.992154
0.990427
0.988385
0.990535
0.989221
0.989677
0.989670
0.987305
0.991526
0.989355
0.988059
0.988826
0.987710
0.988680
0.989717
0.991007
0.988359
0.989087
0.989059
0.988877
0.990560
0.990993
0.989330
0.992150
0.991106
0.990814
0.988809
0.991591
0.988944
0.992374
0.989379
0.989428
0.990798
0.990819
0.991512
0.989899
0.987542
0.990299
0.990354
0.989087
0.989034
0.989003
0.991144
0.987878
0.989898
0.987291
0.987239
0.987954
0.988320
0.989448
0.986754
0.989191
0.990252
0.990631
0.989376
0.990094
0.989042
0.990424
0.989772
0.989270
0.989606
0.987585
0.988036
0.986595
0.986665
0.988388
0.984543
0.987654
0.987184
0.985876
0.989363
0.987985
0.987614
0.987091
0.989201
0.985472
0.985486
0.986890
0.986002
0.987733
0.988753
0.988803
0.985546
0.987156
0.985909
0.989374
0.988027
0.986956
0.986678
0.985193
0.983340
0.985415
0.988646
0.985545
0.986296
0.985991
0.987648
0.985913
0.986107
0.987566
0.986948
0.988588
0.987272
0.986632
0.986969
0.987355
0.986240
0.991045
0.988095
0.989024
0.985552
0.984536
0.986994
0.983880
0.983998
0.984708
0.984783
0.984216
0.983157
0.983175
0.981107
0.983270
0.981446
0.982786
0.983088
0.984479
0.983497
0.983114
0.985973
0.983233
0.983484
0.982308
0.983755
0.982716
0.983823
0.982754
0.984162
0.985252
0.982453
0.983074
0.983025
0.983091
0.984519
0.984880
0.983863
0.981461
0.981556
0.981363
0.982709
0.981400
0.982464
0.983818
0.983540
0.981790
0.980223
0.980615
0.983020
0.983412
0.982840
0.982503
0.984154
0.984855
0.983217
0.980984
0.985053
0.980654
0.982442
0.981731
0.984169
0.982754
0.981711
0.983870
0.981313
0.985896
0.982394
0.981710
0.982147
0.983810
0.984745
0.980700
0.983439
0.980457
0.981676
0.982180
0.981739
0.982835
0.982563
0.979557
0.980324
0.981255
0.981729
0.981493
0.982143
0.983821
0.981294
0.981932
0.983097
0.981324
0.980747
0.983128
0.981053
0.979172
0.978611
0.982314
0.982720
0.982069
0.983053
0.983819
0.981077
0.982285
0.978668
0.981023
0.979308
0.978840
0.984872
0.979456
0.981109
0.981759
0.983204
0.982998
0.980290
0.979891
0.981132
0.982161
0.981122
0.978637
0.982684
0.981719
0.978883
0.975781
0.974427
0.976149
0.977618
0.980005
0.977860
0.976854
0.974668
0.977599
0.975981
0.977986
0.982491
0.978945
0.978201
0.978247
0.978206
0.977224
0.978958
0.977625
0.974166
0.978116
0.977544
0.976143
0.980018
0.977865
0.979516
0.977261
0.976529
0.975100
0.980747
0.977553
0.979313
0.982024
0.979622
0.977575
0.980410
0.977998
0.976953
0.977192
0.977862
0.977152
0.976803
0.973731
0.975839
0.978600
0.983282
0.980184
0.977496
0.976763
0.979296
0.977570
0.979655
0.975951
0.974400
0.976156
0.974688
0.974733
0.980669
0.979671
0.975531
0.977533
0.977044
0.979205
0.978198
0.978209
0.979243
0.976150
0.976519
0.974117
0.973249
0.977513
0.978479
0.972716
0.976461
0.975198
0.980981
0.976232
0.979675
0.976841
0.979923
0.975506
0.977188
0.979601
0.978361
0.977368
0.979145
0.975120
0.976137
0.980595
0.976213
0.976856
0.978296
0.975976
0.974734
0.972734
0.975757
0.976129
0.976565
0.977240
0.974899
0.974675
0.974789
0.974118
0.974395
0.976213
0.975911
0.978290
0.977543
0.974694
0.974039
0.977176
0.975121
0.976137
0.972822
0.976615
0.976343
0.975017
0.975513
0.976103
0.979255
0.976164
0.976984
0.972343
0.972362
0.975468
0.976196
0.975693
0.977527
0.974849
0.975615
0.976914
0.976027
0.975408
0.977217
0.972759
0.975438
0.972010
0.973071
0.971287
0.973287
0.973011
0.969920
0.969514
0.967553
0.970298
0.973103
0.975478
0.975000
0.977740
0.971591
0.971289
0.969985
0.973359
0.969664
0.970970
0.971955
0.973314
0.970858
0.971985
0.970035
0.969305
0.971012
0.974235
0.973632
0.970974
0.971649
0.972351
0.970995
0.973137
0.972188
0.972339
0.975829
0.976121
0.974069
0.973655
0.973027
0.973738
0.970397
0.972060
0.970676
0.972901
0.969631
0.972973
0.972360
0.972683
0.973080
0.973966
0.971891
0.972302
0.969933
0.969610
0.969892
0.971008
0.967023
0.970254
0.968869
0.971261
0.969868
0.970243
0.970937
0.972742
0.971385
0.970024
0.971026
0.973240
0.969858
0.972360
0.970363
0.973034
0.970271
0.969303
0.971974
0.968425
0.968526
0.969206
0.966859
0.967643
0.968217
0.969365
0.971357
0.969542
0.970571
0.968925
0.971279
0.973021
0.970279
0.973473
0.969338
0.972309
0.972691
0.973705
0.968806
0.970009
0.971338
0.969638
0.970787
0.968885
0.972342
0.970554
0.974021
0.974758
0.967004
0.968540
0.968950
0.969205
0.970560
0.967877
0.969994
0.969333
0.966882
0.967523
0.972609
0.969206
0.967092
0.970945
0.969284
0.968291
0.965855
0.966842
0.969234
0.968909
0.969279
0.966838
0.968651
0.969238
0.972047
0.966774
0.968521
0.971031
0.969155
0.972441
0.968299
0.968560
0.969439
0.967123
0.967799
0.969482
0.970350
0.968633
0.971014
0.966396
0.965549
0.966804
0.963904
0.969222
0.966167
0.964142
0.965241
0.965591
0.966431
0.963308
0.965036
0.967177
0.960092
0.962069
0.961342
0.965866
0.968189
0.967891
0.965686
0.965157
0.963812
0.966192
0.968578
0.963378
0.964447
0.966537
0.970314
0.968535
0.963197
0.965820
0.960149
0.963053
0.963739
0.964752
0.964367
0.966067
0.964385
0.964471
0.963375
0.963059
0.961657
0.960244
0.959880
0.960484
0.963048
0.960440
0.961980
0.963041
0.961175
0.960603
0.960241
0.958489
0.959607
0.959930
0.960986
0.959225
0.959207
0.959854
0.961239
0.958559
0.959721
0.962006
0.958986
0.960464
0.958904
0.959223
0.960964
0.958810
0.959616
0.959209
0.959297
0.958520
0.958237
0.961223
0.961005
0.958816
0.958502
0.960322
0.959995
0.960648
0.960313
0.961712
0.961281
0.960979
0.961533
0.962685
0.961996
0.958288
0.961999
0.959903
0.960594
0.959131
0.958941
0.957541
0.957292
0.960337
0.960578
0.959554
0.960152
0.958186
0.961833
0.959199
0.959224
0.958042
0.959124
0.958934
0.960607
0.959160
0.960190
0.961623
0.960961
0.962648
0.960839
0.958847
0.960969
0.957019
0.958951
0.957913
0.956895
0.958560
0.957175
0.959190
0.957403
0.958604
0.959712
0.959947
0.958522
0.957801
0.960598
0.958884
0.959198
0.958246
0.958224
0.957576
0.958640
0.958130
0.960909
0.955755
0.962929
0.954764
0.957691
0.957045
0.953640
0.954366
0.954114
0.954134
0.955796
0.953132
0.952748
0.953718
0.956002
0.952291
0.956136
0.954436
0.955309
0.956622
0.958578
0.955534
0.953672
0.956089
0.955456
0.952606
0.953262
0.956289
0.957912
0.957210
0.957832
0.954061
0.957446
0.953888
0.952411
0.957182
0.960662
0.954663
0.956838
0.958141
0.954810
0.956310
0.955165
0.956156
0.955431
0.957204
0.956854
0.955376
0.960941
0.955240
0.955169
0.954695
0.955436
0.957142
0.955395
0.955727
0.955719
0.955135
0.958061
0.956910
0.961670
0.957215
0.961348
0.954289
0.956090
0.958513
0.957740
0.955867
0.957000
0.956161
0.954067
0.959486
0.956788
0.957142
0.957380
0.957002
0.958616
0.960574
0.958465
0.956058
0.956150
0.956073
0.957488
0.956317
0.957184
0.954104
0.957470
0.955838
0.955496
0.955126
0.956404
0.954779
0.958325
0.956548
0.959924
0.956809
0.957547
0.961353
0.958613
0.958278
0.956643
0.952002
0.956462
0.955834
0.953048
0.953721
0.953419
0.952855
0.954753
0.953827
0.954720
0.955436
0.956421
0.954680
0.956908
0.952882
0.954153
0.951590
0.952415
0.955163
0.952655
0.955363
0.953606
0.958206
0.957548
0.958526
0.956430
0.958186
0.953296
0.952384
0.952218
0.954879
0.953447
0.953005
0.954051
0.950355
0.953415
0.952439
0.953481
0.955104
0.956459
0.952048
0.951662
0.948600
0.949185
0.949975
0.950066
0.949984
0.947947
0.951657
0.948903
0.950656
0.949306
0.951395
0.947661
0.948939
0.950312
0.949283
0.951274
0.949556
0.947903
0.945655
0.949728
0.953098
0.948954
0.949991
0.948883
0.949992
0.950304
0.953050
0.949500
0.949312
0.949979
0.948565
0.950978
0.950326
0.949872
0.950661
0.949755
0.952387
0.948290
0.950624
0.949622
0.949304
0.947808
0.952233
0.950485
0.950682
0.949272
0.952726
0.948929
0.949321
0.949977
0.948197
0.952115
0.948374
0.949308
0.947996
0.948919
0.948927
0.948120
0.948802
0.950070
0.951336
0.949278
0.948799
0.952982
0.949280
0.951957
0.948377
0.949073
0.951333
0.951353
0.950387
0.951903
0.950287
0.949909
0.950513
0.950388
0.952056
0.951046
0.949557
0.951323
0.952341
0.952403
0.948060
0.951396
0.949930
0.946985
0.950670
0.947908
0.949890
0.952053
0.947891
0.949645
0.948309
0.949658
0.949945
0.948513
0.949137
0.950578
0.949704
0.951349
0.948588
0.950993
0.950991
0.951257
0.950178
0.948001
0.948679
0.950056
0.949976
0.950666
0.949641
0.951604
0.952049
0.950108
0.954480
0.950059
0.948216
0.949035
0.950628
0.948839
0.948947
0.949958
0.949069
0.952445
0.948281
0.950958
0.950644
0.950276
0.948833
0.947316
0.950989
0.949106
0.946595
0.946974
0.949297
0.951291
0.948659
0.948498
0.952386
0.948394
0.942829
0.944855
0.943125
0.947887
0.946452
0.945502
0.947248
0.944266
0.945087
0.943120
0.946961
0.945872
0.949620
0.947876
0.948309
0.947314
0.946292
0.948329
0.948508
0.946215
0.947623
0.946585
0.947887
0.945232
0.946610
0.943828
0.948640
0.945502
0.947937
0.944483
0.946238
0.944233
0.945885
0.945215
0.944494
0.945872
0.944572
0.945198
0.944185
0.943505
0.943856
0.944725
0.943534
0.946607
0.942908
0.946904
0.945603
0.945922
0.947586
0.944412
0.944572
0.945133
0.946544
0.946565
0.944482
0.947930
0.947316
0.946227
0.948291
0.946177
0.946809
0.946485
0.947913
0.947277
0.946993
0.946263
0.945915
0.944555
0.946116
0.946570
0.959999
0.974538
0.949352
0.945199
0.945881
0.945531
0.945930
0.945472
0.946582
0.944381
0.944493
0.945049
0.946682
0.948352
0.946559
0.946106
0.947884
0.947946
0.947920
0.945958
0.948668
0.947970
0.946951
0.945169
0.947195
0.946119
0.948007
0.945514
0.945951
0.947135
0.944430
0.944527
0.945065
0.945283
0.945280
0.943609
0.947914
0.945929
0.949629
0.946197
0.945485
0.946283
0.948110
0.948276
0.947292
0.945964
0.946969
0.943957
0.946472
0.948558
0.948329
0.945510
0.945865
0.946585
0.945564
0.946229
0.945248
0.942543
0.944505
0.944553
0.945523
0.943382
0.944851
0.946911
0.946542
0.946033
0.945266
0.947957
0.948320
0.947300
0.937565
0.938429
0.941787
0.940132
0.941280
0.942130
0.942093
0.941042
0.940141
0.942136
0.939758
0.940970
0.940470
0.943492
0.942130
0.942182
0.941393
0.942734
0.943427
0.944142
0.942227
0.942152
0.941768
0.942499
0.942395
0.944082
0.944846
0.942829
0.946262
0.943041
0.941799
0.942523
0.941769
0.941393
0.942850
0.943705
0.941652
0.943582
0.943206
0.943853
0.944139
0.944260
0.943111
0.940547
0.941510
0.944556
0.943753
0.941057
0.941783
0.941476
0.941404
0.941802
0.943482
0.943550
0.942502
0.943464
0.942749
0.944487
0.943190
0.944475
0.946548
0.943687
0.944544
0.943204
0.944563
0.947573
0.944474
0.942119
0.946518
0.945456
0.946084
0.945313
0.946560
0.948271
0.943452
0.947828
0.947104
0.944562
0.945157
0.945898
0.944428
0.943213
0.945198
0.942723
0.944520
0.943845
0.942812
0.946199
0.944579
0.945181
0.945573
0.944273
0.944472
0.946029
0.946223
0.942462
0.944182
0.945162
0.945152
0.946161
0.946192
0.944197
0.944547
0.945241
0.946213
0.944485
0.945151
0.945104
0.943547
0.943986
0.942557
0.944570
0.945876
0.944518
0.944198
0.941729
0.944175
0.945204
0.944232
0.945953
0.944496
0.945798
0.947554
0.946585
0.932173
0.931509
0.932309
0.934981
0.931529
0.932393
0.930064
0.932679
0.934035
0.933619
0.932980
0.930709
0.935600
0.931388
0.930800
0.933519
0.941515
0.940461
0.931177
0.933976
0.933960
0.936630
0.934400
0.934829
0.934099
0.935052
0.937100
0.934638
0.934227
0.936894
0.935377
0.935047
0.934309
0.936034
0.934991
0.938385
0.936773
0.936736
0.937399
0.936013
0.936725
0.933983
0.933978
0.935738
0.933778
0.935374
0.934331
0.934326
0.934691
0.933314
0.934956
0.933899
0.934910
0.936874
0.935360
0.936536
0.933320
0.934957
0.935301
0.936310
0.935441
0.938058
0.936205
0.936355
0.937083
0.935362
0.934585
0.934261
0.934723
0.935959
0.936853
0.937050
0.935040
0.933641
0.937726
0.935011
0.934197
0.936689
0.932726
0.935667
0.934704
0.933327
0.935967
0.935975
0.934936
0.934570
0.935744
0.936428
0.934118
0.934674
0.933656
0.936721
0.934942
0.933337
0.934231
0.934085
0.938110
0.936684
0.935053
0.935678
0.935994
0.936672
0.934468
0.938711
0.939532
0.938141
0.938722
0.941480
0.936300
0.938299
0.940311
0.940107
0.937747
0.936333
0.939142
0.939374
0.939054
0.938320
0.939382
0.939922
0.938483
0.939400
0.941477
0.942474
0.939120
0.937642
0.942407
0.941436
0.939491
0.940450
0.939421
0.938759
0.942452
0.941437
0.940849
0.940973
0.941890
0.939794
0.942484
0.942468
0.941064
0.942211
0.939597
0.941773
0.942148
0.940515
0.940767
0.940408
0.942483
0.939502
0.937174
0.939953
0.941526
0.941116
0.939126
0.942471
0.933561
0.937411
0.936449
0.935501
0.932997
0.937409
0.933294
0.934016
0.936095
0.937203
0.934527
0.933373
0.936309
0.935649
0.933919
0.934739
0.935559
0.935308
0.934724
0.937055
0.935996
0.935997
0.935599
0.935543
0.936439
0.934988
0.936385
0.935669
0.937419
0.937371
0.936271
0.936294
0.935460
0.938341
0.934366
0.936359
0.935664
0.935674
0.937050
0.934639
0.937706
0.937119
0.934812
0.937408
0.936727
0.937030
0.934984
0.936071
0.938001
0.935543
0.936813
0.935695
0.936349
0.935253
0.934318
0.936966
0.933298
0.934418
0.936958
0.935351
0.935395
0.937740
0.939456
0.935956
0.937659
0.938135
0.938367
0.937920
0.940158
0.938717
0.934611
0.937698
0.939020
0.938635
0.936721
0.940474
0.938503
0.938064
0.940154
0.937460
0.938499
0.938494
0.939450
0.937449
0.937383
0.936743
0.936292
0.934358
0.936963
0.936398
0.936138
0.939808
0.940489
0.939785
0.937376
0.940100
0.938973
0.938953
0.939795
0.938070
0.938078
0.933651
0.932966
0.928473
0.931445
0.931570
0.930603
0.937776
0.935006
0.935349
0.939077
0.935243
0.941762
0.940285
0.932629
0.930878
0.937055
0.939094
0.933667
0.934247
0.933795
0.933315
0.934633
0.931591
0.935041
0.934695
0.934636
0.938322
0.937509
0.936356
0.934751
0.936009
0.937689
0.935940
0.938714
0.934352
0.931044
0.931756
0.934956
0.934298
0.928502
0.928267
0.929927
0.929358
0.931322
0.930967
0.930538
0.930494
0.931950
0.932898
0.929858
0.932013
0.932105
0.931380
0.934383
0.935341
0.933285
0.935070
0.934951
0.932914
0.933369
0.932061
0.932703
0.934707
0.934636
0.935594
0.934685
0.935390
0.933670
0.933362
0.931369
0.931972
0.935364
0.934678
0.933989
0.932852
0.932769
0.935018
0.932332
0.932987
0.934623
0.933704
0.933386
0.932847
0.936028
0.934711
0.935723
0.934996
0.932659
0.934232
0.936135
0.933079
0.935644
0.934998
0.932226
0.930974
0.935310
0.933260
0.934170
0.936120
0.934733
0.935338
0.934350
0.933976
0.935687
0.935707
0.935401
0.935673
0.929934
0.926841
0.933270
0.933965
0.931591
0.932315
0.930072
0.932018
0.931272
0.931273
0.929891
0.931924
0.934409
0.930370
0.931690
0.934000
0.930282
0.932295
0.931277
0.928132
0.929319
0.930713
0.931104
0.932306
0.931605
0.933259
0.932913
0.931612
0.930831
0.931853
0.932027
0.931336
0.932684
0.931530
0.932631
0.931895
0.931328
0.933372
0.932001
0.933642
0.931133
0.933264
0.932292
0.929436
0.932733
0.932040
0.933983
0.934042
0.935299
0.932928
0.930676
0.931014
0.930074
0.930980
0.928952
0.931989
0.929854
0.931604
0.933215
0.930358
0.930992
0.931696
0.932661
0.931346
0.931947
0.931598
0.928907
0.932057
0.931019
0.927679
0.930320
0.929323
0.924838
0.924922
0.924295
0.927950
0.925971
0.926027
0.923955
0.926932
0.927195
0.929563
0.927181
0.928313
0.928709
0.928024
0.927013
0.928610
0.928528
0.928191
0.926496
0.930615
0.929328
0.927748
0.931059
0.928029
0.928904
0.930263
0.929210
0.930635
0.930970
0.929357
0.929319
0.928759
0.928274
0.927798
0.926209
0.926606
0.926644
0.926353
0.926617
0.926720
0.926214
0.924882
0.925841
0.926806
0.927090
0.925916
0.927695
0.927242
0.927910
0.926549
0.926274
0.926966
0.925628
0.926641
0.926732
0.925965
0.926781
0.926559
0.927884
0.927527
0.926461
0.928621
0.928338
0.928628
0.929033
0.929558
0.929642
0.928538
0.928638
0.927800
0.926932
0.926362
0.928638
0.928983
0.929610
0.929547
0.929164
0.930557
0.926608
0.930374
0.929021
0.933791
0.929290
0.928505
0.929887
0.930611
0.930905
0.919894
0.930537
0.933346
0.930307
0.919555
0.918459
0.927971
0.929593
0.930665
0.930317
0.930789
0.931689
0.932362
0.924836
0.920972
0.925221
0.926193
0.924595
0.926661
0.924217
0.925617
0.920541
0.932290
0.926895
0.928241
0.925549
0.923988
0.926331
0.926308
0.928629
0.918750
0.921072
0.920387
0.919265
0.920539
0.923542
0.922961
0.924897
0.919769
0.919527
0.920352
0.918857
0.918553
0.933993
0.921555
0.921880
0.923110
0.929319
0.930958
0.929911
0.928879
0.931243
0.930803
0.925322
0.928029
0.927928
0.929829
0.929531
0.929167
0.930137
0.930313
0.927041
0.929323
0.927887
0.928137
0.928448
0.931827
0.928703
0.929987
0.927218
0.931812
0.929256
0.929238
0.929232
0.929289
0.929636
0.928647
0.931057
0.928832
0.930259
0.929513
0.929506
0.930862
0.932695
0.929388
0.928265
0.930647
0.929232
0.928629
0.928432
0.928240
0.927668
0.930351
0.929627
0.929096
0.931265
0.928555
0.928287
0.928955
0.928345
0.930573
0.927594
0.929885
0.930622
0.929857
0.929242
0.931863
0.928970
0.927347
0.927703
0.928879
0.927877
0.929196
0.928218
0.929630
0.929290
0.926951
0.927008
0.930685
0.930580
0.930152
0.927179
0.929196
0.928515
0.930663
0.931644
0.928954
0.929084
0.926930
0.926489
0.930216
0.930288
0.927258
0.929339
0.929716
0.927952
0.929903
0.928603
0.928625
0.926761
0.927345
0.928999
0.929951
0.930825
0.921771
0.919901
0.919957
0.920197
0.918810
0.921581
0.919172
0.919664
0.919121
0.922448
0.920737
0.920885
0.919551
0.919500
0.921935
0.920836
0.917194
0.919698
0.919201
0.920574
0.918850
0.921286
0.920012
0.919514
0.920074
0.921124
0.920899
0.919841
0.916219
0.920272
0.919299
0.921907
0.919227
0.920142
0.916676
0.919203
0.919301
0.921312
0.920674
0.922265
0.919474
0.921113
0.920707
0.921259
0.921017
0.920916
0.922219
0.922966
0.921442
0.918413
0.917024
0.918589
0.919222
0.918714
0.918617
0.919104
0.919791
0.918875
0.919882
0.919592
0.918551
0.920567
0.918914
0.917432
0.917016
0.919179
0.917518
0.918865
0.918845
0.918178
0.919629
0.916854
0.919163
0.920474
0.918516
0.920558
0.920533
0.920161
0.918882
0.920560
0.920243
0.922427
0.921097
0.920361
0.921858
0.921259
0.918552
0.918904
0.920270
0.919462
0.919737
0.921883
0.919583
0.920532
0.920848
0.920693
0.919096
0.918660
0.921873
0.921542
0.916824
0.918847
0.922900
0.922459
0.921449
0.921378
0.921564
0.921900
0.918511
0.917874
0.919844
0.920413
0.922435
0.920847
0.920163
0.919200
0.922277
0.920220
0.918564
0.920074
0.918424
0.922135
0.920057
0.922181
0.919861
0.920923
0.922305
0.921574
0.920449
0.921490
0.922819
0.919175
0.919257
0.922273
0.919620
0.921891
0.922834
0.922757
0.923275
0.920584
0.923522
0.922596
0.924287
0.921180
0.921214
0.920818
0.921893
0.922547
0.919927
0.920250
0.920708
0.921600
0.919484
0.919829
0.921267
0.917829
0.919926
0.918904
0.920195
0.918434
0.920086
0.920441
0.921857
0.922844
0.918902
0.919867
0.918915
0.920407
0.919722
0.920878
0.919921
0.919218
0.919944
0.922303
0.921658
0.920899
0.920448
0.921189
0.920160
0.918538
0.919890
0.921194
0.921205
0.920997
0.920949
0.922439
0.918797
0.918852
0.918179
0.915526
0.915175
0.916494
0.916119
0.918044
0.916187
0.917836
0.917593
0.917879
0.918568
0.916512
0.916486
0.919160
0.918804
0.918210
0.919257
0.916597
0.915881
0.917560
0.919453
0.918468
0.916881
0.917216
0.917233
0.920571
0.918010
0.918496
0.919095
0.917747
0.918996
0.920587
0.920884
0.920901
0.921304
0.917440
0.919536
0.918038
0.918874
0.917168
0.917214
0.916557
0.918859
0.919556
0.916445
0.920108
0.919193
0.917708
0.919930
0.919934
0.919572
0.922304
0.918798
0.919778
0.916425
0.918579
0.918293
0.920264
0.919853
0.917853
0.919171
0.916565
0.917475
0.917237
0.915522
0.915907
0.918917
0.918570
0.919714
0.918542
0.916810
0.917923
0.916180
0.914873
0.917142
0.917843
0.917363
0.917550
0.916151
0.916172
0.918920
0.916016
0.912700
0.912760
0.916729
0.916449
0.916174
0.916507
0.918210
0.916983
0.915214
0.917758
0.915112
0.916678
0.916200
0.918849
0.917192
0.917261
0.918567
0.916514
0.917769
0.917806
0.916525
0.919261
0.917934
0.916226
0.916239
0.917429
0.915739
0.916688
0.916612
0.917561
0.919192
0.915209
0.916197
0.916365
0.914818
0.915230
0.916848
0.916160
0.913195
0.915588
0.916001
0.913453
0.913398
0.916488
0.916010
0.915997
0.913823
0.913215
0.916517
0.915313
0.913852
0.914150
0.916187
0.913277
0.914511
0.915161
0.916215
0.918529
0.915452
0.910827
0.913335
0.913147
0.914578
0.913866
0.917524
0.914467
0.913799
0.916504
0.913815
0.913640
0.916871
0.914251
0.913538
0.917032
0.913834
0.915860
0.914783
0.916173
0.914141
0.911668
0.912450
0.914747
0.913742
0.912868
0.912979
0.915164
0.914499
0.915229
0.916827
0.915057
0.914449
0.911546
0.911794
0.912848
0.912821
0.912232
0.911514
0.914763
0.914142
0.913179
0.914185
0.914513
0.912232
0.912536
0.915168
0.915013
0.912105
0.912769
0.912143
0.912221
0.911843
0.915503
0.913235
0.910418
0.910792
0.913448
0.914139
0.912959
0.915895
0.914593
0.912197
0.915384
0.915879
0.915103
0.913105
0.912452
0.910065
0.910188
0.913195
0.911503
0.912165
0.914489
0.915133
0.915451
0.912136
0.913205
0.912205
0.912818
0.912610
0.910065
0.909049
0.908488
0.908799
0.911463
0.910798
0.913150
0.912563
0.914263
0.913383
0.911112
0.912173
0.912522
0.911671
0.910566
0.914093
0.914516
0.915625
0.912464
0.913415
0.914770
0.912914
0.912451
0.914150
0.911801
0.913152
0.911968
0.913138
0.911347
0.911109
0.912743
0.912466
0.915496
0.917215
0.915842
0.914915
0.913066
0.916211
0.916745
0.915528
0.914874
0.914548
0.914641
0.914683
0.913463
0.914125
0.916097
0.913493
0.914172
0.916475
0.915877
0.915489
0.912076
0.911762
0.912395
0.911161
0.913452
0.913458
0.911484
0.911284
0.905709
0.910374
0.910097
0.911107
0.910069
0.909481
0.911450
0.910642
0.910851
0.910461
0.913373
0.910101
0.911827
0.910996
0.910188
0.912791
0.912201
0.912582
0.913608
0.910757
0.911707
0.911819
0.911492
0.912151
0.913458
0.911808
0.911599
0.911486
0.909425
0.910767
0.909741
0.909178
0.912201
0.912464
0.910493
0.909705
0.909069
0.910433
0.912745
0.911145
0.911802
0.911175
0.912526
0.912460
0.912344
0.913336
0.912104
0.912449
0.911495
0.912240
0.913159
0.911166
0.914216
0.914483
0.916069
0.913098
0.914405
0.915519
0.915045
0.911921
0.911548
0.915348
0.912459
0.911801
0.910159
0.912381
0.911527
0.913156
0.913545
0.911240
0.913523
0.912718
0.912032
0.914469
0.914520
0.914533
0.912161
0.915965
0.913492
0.915478
0.915382
0.914497
0.915815
0.914973
0.914865
0.914183
0.913971
0.913739
0.914402
0.915121
0.913781
0.915808
0.915843
0.913549
0.914288
0.915389
0.914425
0.912899
0.911795
0.913474
0.916565
0.916503
0.916167
0.916139
0.917696
0.913753
0.913847
0.916550
0.915857
0.915836
0.915980
0.916045
0.914763
0.912889
0.914492
0.916462
0.916482
0.914563
0.913535
0.915822
0.000000
0.000000
0.000000
0.000000
0.000000
0.000000
0.000000
0.000000
0.000000
0.000000
0.000000
0.000000
0.000000
0.000000
0.000000
0.000000
0.000000
0.000000
0.000000
0.000000
0.000000
0.000000
0.000000
0.000000
0.000000
0.000000
0.000000
0.000000
0.000000
0.000000
0.000000
0.000000
0.000000
0.000000
0.000000
0.000000
0.000000
0.000000
0.000000
0.000000
0.000000
0.000000
0.000000
0.000000
0.000000
0.000000
0.000000
0.000000
0.000000
0.000000
0.000000
0.000000
0.000000
0.000000
0.000000
0.000000
0.000000
0.000000
0.000000
0.000000
0.000000
0.000000
0.000000
0.000000
0.000000
0.000000
0.000000",6-2,Time (h),Normalized PCE,
